[{"ps": "\u4f7f\u7528CloudFlare\u7684API\u63a5\u53e3\u81ea\u52a8\u89e3\u6790\u7533\u8bf7SSL", "data": [{"key": "SAVED_CF_MAIL", "value": "", "name": "E-Mail"}, {"key": "SAVED_CF_KEY", "value": "", "name": "API Key"}], "help": "CloudFlare\u540e\u53f0\u83b7\u53d6Global API Key", "name": "CloudFlareDns", "title": "CloudFlare"}, {"ps": "\u4f7f\u7528\u5b9d\u5854DNS\u4e91\u89e3\u6790\u63d2\u4ef6\u81ea\u52a8\u89e3\u6790\u7533\u8bf7SSL", "title": "\u5b9d\u5854DNS\u4e91\u89e3\u6790", "data": false, "help": "", "name": "Dns_com"}, {"ps": "\u4f7f\u7528DnsPod\u7684API\u63a5\u53e3\u81ea\u52a8\u89e3\u6790\u7533\u8bf7SSL", "title": "DnsPod", "data": [{"value": "", "key": "SAVED_DP_Id", "name": "ID"}, {"value": "", "key": "SAVED_DP_Key", "name": "Token"}], "help": "DnsPod\u540e\u53f0\u300b\u7528\u6237\u4e2d\u5fc3\u300b\u5b89\u5168\u8bbe\u7f6e\uff0c\u5f00\u542fAPI Token", "name": "DNSPodDns"}, {"ps": "\u4f7f\u7528\u963f\u91cc\u4e91API\u63a5\u53e3\u81ea\u52a8\u89e3\u6790\u7533\u8bf7SSL", "title": "\u963f\u91cc\u4e91DNS", "data": [{"value": "", "key": "SAVED_Ali_Key", "name": "AccessKey"}, {"value": "", "key": "SAVED_Ali_Secret", "name": "SecretKey"}], "help": "\u963f\u91cc\u4e91\u63a7\u5236\u53f0\u300b\u7528\u6237\u5934\u50cf\u300baccesskeys\u6309\u6307\u5f15\u83b7\u53d6AccessKey/SecretKey", "name": "AliyunDns"}, {"ps": "\u4f7f\u7528cloudxns\u7684API\u63a5\u53e3\u81ea\u52a8\u89e3\u6790\u7533\u8bf7SSL", "title": "CloudXns", "data": [{"value": "", "key": "SAVED_CX_Key", "name": "AccessKey"}, {"value": "", "key": "SAVED_CX_Secret", "name": "SecretKey"}], "help": "cloudxns\u540e\u53f0\u300b\u7528\u6237\u4e2d\u5fc3\u300bAPI\u7ba1\u7406\uff0c\u6309\u6307\u5f15\u83b7\u53d6AccessKey/SecretKey", "name": "CloudxnsDns"}, {"ps": "\u8fd4\u56dehost\u548ctxt\u503c,\u7531\u7528\u6237\u624b\u52a8\u89e3\u6790", "data": false, "name": "dns", "title": "\u624b\u52a8\u89e3\u6790"}]